response,ModelName,predictors,Categorical agreement,PPV,NPV,ME,VME,df,AIC,BIC,model fit (aac6 interaction)
R,Model 1a,determinants,95.55%,94.76%,96.41%,5.34%,3.52%,20,3661.1758668577645,3809.3055198135135,-
R,Model 1b,determinant*aac6,95.72%,95.94%,95.49%,4.05%,4.52%,38,3622.3098890324454,3903.7562296483684,6.672738919652206e-9
R,Model 2a,QRDR count + PMQR count + aac6,95.21%,94.9%,95.54%,5.15%,4.42%,4,3699.6602312585483,3729.286161849698,-
R,Model 2b,QRDR count*aac6 + PMQR count*aac6,95.21%,94.9%,95.54%,5.15%,4.42%,6,3670.790906919084,3715.229802805809,7.286465412732916e-8
NWT,Model 1a,determinants,94%,97.88%,89.81%,1.98%,11.06%,20,5031.311871858094,5179.441524813843,-
NWT,Model 1b,determinant*aac6,94%,97.88%,89.81%,1.98%,11.06%,38,5026.45714492338,5307.903485539303,0.0015942091377735353
NWT,Model 2a,QRDR count + PMQR count + aac6,94.11%,97.79%,90.09%,2.07%,10.71%,4,5090.270152304339,5119.896082895489,-
NWT,Model 2b,QRDR count*aac6 + PMQR count*aac6,94.11%,97.79%,90.09%,2.07%,10.71%,6,5067.77105375786,5112.209949644584,1.7611399261847186e-6
