response,ModelName,predictors,Categorical agreement,PPV,NPV,ME,VME,AIC,model fit (aac6 interaction)
R,Model 1a,determinants,95.55%,94.76%,96.39%,5.34%,3.54%,13234.3990181513,-
R,Model 1b,determinant*aac6,95.71%,95.94%,95.48%,4.05%,4.54%,13298.381469748,0.0304627934280205
R,Model 2a,QRDR count + PMQR count + aac6,95.21%,94.9%,95.54%,5.15%,4.42%,13169.5111153487,-
R,Model 2b,QRDR count*aac6 + PMQR count*aac6,95.21%,94.9%,95.54%,5.15%,4.42%,13201.3068750501,2.93567635756276e-08
NWT,Model 1a,determinants,94%,97.88%,89.81%,1.98%,11.06%,11699.4472929739,-
NWT,Model 1b,determinant*aac6,94%,97.88%,89.81%,1.98%,11.06%,11726.2040978194,0.124177824195528
NWT,Model 2a,QRDR count + PMQR count + aac6,94.11%,97.79%,90.09%,2.07%,10.71%,11622.2381054389,-
NWT,Model 2b,QRDR count*aac6 + PMQR count*aac6,94.11%,97.79%,90.09%,2.07%,10.71%,11647.4403711862,7.93134273147089e-07
